CUSIP,Principal
912797LK1,34367.0
912797KV8,12573.0
912797ME4,46901.0
912797JR9,36996.0
912797KJ5,17661.0
912797KS5,6.984919309616089e-12
91282CEH0,32552.0
91282CEQ0,21918.0
91282CHL8,7245.0
91282CEY3,17734.0
912828K74,5273.0
91282CFK2,14388.0
91282CBC4,2.483526865641182e-09
91282CBH3,7.450580596923546e-09
91282CBT7,5556.0
91282CHY0,15597.0
91282CAD3,43339.0
91282CBJ9,45039.0
91282CCH2,20208.0
91282CDP3,20334.0
91282CEV9,11474.0
91282CGB1,43661.0
91282CHJ3,14507.0
91282CJM4,779.0
91282CCB5,37796.0
91282CDJ7,16103.0
91282CEP2,8213.0
91282CFV8,17331.0
91282CHC8,689.0
91282CJJ1,2701.0
91282CJZ5,51576.0
91282CLF6,81538.0
912810FT0,29407.0
912810PT9,44034.0
912810PU6,80.0
912810PW2,2082.0
912810PX0,47381.0
912810QC5,40134.0
912810QD3,38253.0
912810SQ2,27777.0
912810ST6,33090.0
912810SY5,19317.0
912810TC2,44535.0
912810TH1,13980.0
912810QY7,42207.0
912810RB6,14787.0
